Metric,Isolation Forest,Autoencoder
Precision,0.1485148514851485,0.11224489795918367
Recall,0.3191489361702128,0.23404255319148937
F1-score,0.20270270270270271,0.15172413793103448
PR-AUC,0.19495717027967785,0.15605520940278814
ROC-AUC,0.8569451046247055,0.9063172457012243
True Positives,15.0,11.0
True Negatives,99867.0,99866.0
False Positives,86.0,87.0
False Negatives,32.0,36.0
False Positive Rate,0.0008604043900633298,0.0008704090922733685
False Negative Rate,0.6808510638297872,0.7659574468085106
Training Time (sec),16.766858599999978,191.70064339999954
Inference Time (sec),6.2512710000009974,
Latency (ms/transaction),0.06251271000000998,
Throughput (transactions/sec),15996.746901547549,
Operating Threshold,0.10719670479430089,1.7472063456775229
