config_index,hyperparameters,threshold,precision,recall,f1,pr_auc,roc_auc,false_positives,false_negatives,true_positives,true_negatives,fpr
0,"{'max_depth': 3, 'learning_rate': 0.05, 'n_estimators': 200, 'subsample': 0.9, 'colsample_bytree': 0.8, 'min_child_weight': 1, 'reg_lambda': 1.0, 'reg_alpha': 0.1}",0.01,0.0003205539171688678,0.8333333333333334,0.000640861317610869,0.0002771800309053695,0.8382933416432949,15593,1,5,83886,0.15674665004674354
0,"{'max_depth': 3, 'learning_rate': 0.05, 'n_estimators': 200, 'subsample': 0.9, 'colsample_bytree': 0.8, 'min_child_weight': 1, 'reg_lambda': 1.0, 'reg_alpha': 0.1}",0.02,0.000519588485919152,0.8333333333333334,0.0010385294423096896,0.0004430421715306063,0.868324805570355,9618,1,5,89861,0.09668372219262357
0,"{'max_depth': 3, 'learning_rate': 0.05, 'n_estimators': 200, 'subsample': 0.9, 'colsample_bytree': 0.8, 'min_child_weight': 1, 'reg_lambda': 1.0, 'reg_alpha': 0.1}",0.05,0.0010311404413281089,0.8333333333333334,0.0020597322348094747,0.0008693354677047371,0.8923198195934151,4844,1,5,94635,0.048693694146503284
0,"{'max_depth': 3, 'learning_rate': 0.05, 'n_estimators': 200, 'subsample': 0.9, 'colsample_bytree': 0.8, 'min_child_weight': 1, 'reg_lambda': 1.0, 'reg_alpha': 0.1}",0.1,0.003526093088857546,0.8333333333333334,0.007022471910112359,0.002948462673979268,0.9095646652392299,1413,1,5,98066,0.014204002854873892
0,"{'max_depth': 3, 'learning_rate': 0.05, 'n_estimators': 200, 'subsample': 0.9, 'colsample_bytree': 0.8, 'min_child_weight': 1, 'reg_lambda': 1.0, 'reg_alpha': 0.1}",0.15,0.006657789613848202,0.8333333333333334,0.013210039630118891,0.005558209778138148,0.9129171315889116,746,1,5,98733,0.007499070155510208
0,"{'max_depth': 3, 'learning_rate': 0.05, 'n_estimators': 200, 'subsample': 0.9, 'colsample_bytree': 0.8, 'min_child_weight': 1, 'reg_lambda': 1.0, 'reg_alpha': 0.1}",0.2,0.01002004008016032,0.8333333333333334,0.019801980198019802,0.008360085166731581,0.914183730569601,494,1,5,98985,0.004965872194131425
0,"{'max_depth': 3, 'learning_rate': 0.05, 'n_estimators': 200, 'subsample': 0.9, 'colsample_bytree': 0.8, 'min_child_weight': 1, 'reg_lambda': 1.0, 'reg_alpha': 0.1}",0.25,0.013123359580052493,0.8333333333333334,0.025839793281653745,0.010946184749975059,0.9147768205684953,376,1,5,99103,0.0037796921963429465
0,"{'max_depth': 3, 'learning_rate': 0.05, 'n_estimators': 200, 'subsample': 0.9, 'colsample_bytree': 0.8, 'min_child_weight': 1, 'reg_lambda': 1.0, 'reg_alpha': 0.1}",0.3,0.017006802721088437,0.8333333333333334,0.03333333333333333,0.014182387367505012,0.915214098788019,289,1,5,99190,0.00290513575729551
0,"{'max_depth': 3, 'learning_rate': 0.05, 'n_estimators': 200, 'subsample': 0.9, 'colsample_bytree': 0.8, 'min_child_weight': 1, 'reg_lambda': 1.0, 'reg_alpha': 0.1}",0.4,0.03496503496503497,0.8333333333333334,0.06711409395973154,0.02914758090412712,0.9159730529391464,138,1,5,99341,0.0013872274550407624
0,"{'max_depth': 3, 'learning_rate': 0.05, 'n_estimators': 200, 'subsample': 0.9, 'colsample_bytree': 0.8, 'min_child_weight': 1, 'reg_lambda': 1.0, 'reg_alpha': 0.1}",0.5,0.04504504504504504,0.8333333333333334,0.08547008547008547,0.037547589304135515,0.9161338909049482,106,1,5,99373,0.0010655515234371073
0,"{'max_depth': 3, 'learning_rate': 0.05, 'n_estimators': 200, 'subsample': 0.9, 'colsample_bytree': 0.8, 'min_child_weight': 1, 'reg_lambda': 1.0, 'reg_alpha': 0.1}",0.6,0.05434782608695652,0.8333333333333334,0.10204081632653061,0.045299906839061745,0.9162293884471431,87,1,5,99392,0.0008745564390474372
0,"{'max_depth': 3, 'learning_rate': 0.05, 'n_estimators': 200, 'subsample': 0.9, 'colsample_bytree': 0.8, 'min_child_weight': 1, 'reg_lambda': 1.0, 'reg_alpha': 0.1}",0.7,0.05813953488372093,0.8333333333333334,0.10869565217391304,0.048459664169698755,0.9162595455657307,81,1,5,99398,0.0008142422018717518
0,"{'max_depth': 3, 'learning_rate': 0.05, 'n_estimators': 200, 'subsample': 0.9, 'colsample_bytree': 0.8, 'min_child_weight': 1, 'reg_lambda': 1.0, 'reg_alpha': 0.1}",0.8,0.06666666666666667,0.8333333333333334,0.12345679012345678,0.055565607322153536,0.9163148336164753,70,1,5,99409,0.0007036661003829954
0,"{'max_depth': 3, 'learning_rate': 0.05, 'n_estimators': 200, 'subsample': 0.9, 'colsample_bytree': 0.8, 'min_child_weight': 1, 'reg_lambda': 1.0, 'reg_alpha': 0.1}",0.9,0.08064516129032258,0.8333333333333334,0.14705882352941177,0.06721435284186679,0.9163801740400822,57,1,5,99422,0.0005729852531690105
1,"{'max_depth': 3, 'learning_rate': 0.08, 'n_estimators': 150, 'subsample': 0.9, 'colsample_bytree': 0.8, 'min_child_weight': 1, 'reg_lambda': 1.0, 'reg_alpha': 0.1}",0.01,0.0005021592849251782,0.8333333333333334,0.001003713740841112,0.0004285178373689615,0.8666460593022983,9952,1,5,89527,0.10004121472873671
1,"{'max_depth': 3, 'learning_rate': 0.08, 'n_estimators': 150, 'subsample': 0.9, 'colsample_bytree': 0.8, 'min_child_weight': 1, 'reg_lambda': 1.0, 'reg_alpha': 0.1}",0.02,0.0009302325581395349,0.8333333333333334,0.001858390633711206,0.0007852455650475921,0.8896760455305476,5370,1,5,94109,0.05398124227223836
1,"{'max_depth': 3, 'learning_rate': 0.08, 'n_estimators': 150, 'subsample': 0.9, 'colsample_bytree': 0.8, 'min_child_weight': 1, 'reg_lambda': 1.0, 'reg_alpha': 0.1}",0.05,0.0033444816053511705,0.8333333333333334,0.006662225183211193,0.0027971197710572886,0.9091776488840192,1490,1,5,97989,0.014978035565295188
1,"{'max_depth': 3, 'learning_rate': 0.08, 'n_estimators': 150, 'subsample': 0.9, 'colsample_bytree': 0.8, 'min_child_weight': 1, 'reg_lambda': 1.0, 'reg_alpha': 0.1}",0.1,0.00865051903114187,0.8333333333333334,0.017123287671232876,0.0072188176258828705,0.9137866618415279,573,1,5,98906,0.005760009650277948
1,"{'max_depth': 3, 'learning_rate': 0.08, 'n_estimators': 150, 'subsample': 0.9, 'colsample_bytree': 0.8, 'min_child_weight': 1, 'reg_lambda': 1.0, 'reg_alpha': 0.1}",0.15,0.015479876160990712,0.8333333333333334,0.030395136778115502,0.012909948567423574,0.9150683393815111,318,1,5,99161,0.003196654570311322
1,"{'max_depth': 3, 'learning_rate': 0.08, 'n_estimators': 150, 'subsample': 0.9, 'colsample_bytree': 0.8, 'min_child_weight': 1, 'reg_lambda': 1.0, 'reg_alpha': 0.1}",0.2,0.024271844660194174,0.8333333333333334,0.04716981132075472,0.020236588983426458,0.915656403193974,201,1,5,99278,0.002020526945385458
1,"{'max_depth': 3, 'learning_rate': 0.08, 'n_estimators': 150, 'subsample': 0.9, 'colsample_bytree': 0.8, 'min_child_weight': 1, 'reg_lambda': 1.0, 'reg_alpha': 0.1}",0.25,0.02976190476190476,0.8333333333333334,0.05747126436781609,0.02481163906818528,0.9158473982783637,163,1,5,99316,0.0016385367766061179
1,"{'max_depth': 3, 'learning_rate': 0.08, 'n_estimators': 150, 'subsample': 0.9, 'colsample_bytree': 0.8, 'min_child_weight': 1, 'reg_lambda': 1.0, 'reg_alpha': 0.1}",0.3,0.034482758620689655,0.8333333333333334,0.06622516556291391,0.028745683950506026,0.9159630005662839,140,1,5,99339,0.0014073322007659907
1,"{'max_depth': 3, 'learning_rate': 0.08, 'n_estimators': 150, 'subsample': 0.9, 'colsample_bytree': 0.8, 'min_child_weight': 1, 'reg_lambda': 1.0, 'reg_alpha': 0.1}",0.4,0.0423728813559322,0.8333333333333334,0.08064516129032258,0.035320786229874813,0.9160987075999291,113,1,5,99366,0.0011359181334754068
1,"{'max_depth': 3, 'learning_rate': 0.08, 'n_estimators': 150, 'subsample': 0.9, 'colsample_bytree': 0.8, 'min_child_weight': 1, 'reg_lambda': 1.0, 'reg_alpha': 0.1}",0.5,0.04807692307692308,0.8333333333333334,0.09090909090909091,0.040074154330700544,0.9161690742099673,99,1,5,99380,0.0009951849133988078
1,"{'max_depth': 3, 'learning_rate': 0.08, 'n_estimators': 150, 'subsample': 0.9, 'colsample_bytree': 0.8, 'min_child_weight': 1, 'reg_lambda': 1.0, 'reg_alpha': 0.1}",0.6,0.05263157894736842,0.8333333333333334,0.09900990099009901,0.04386970088940499,0.916214309887849,90,1,5,99389,0.0009047135576352798
1,"{'max_depth': 3, 'learning_rate': 0.08, 'n_estimators': 150, 'subsample': 0.9, 'colsample_bytree': 0.8, 'min_child_weight': 1, 'reg_lambda': 1.0, 'reg_alpha': 0.1}",0.7,0.06329113924050633,0.8333333333333334,0.11764705882352941,0.05275266780035326,0.91629472887075,74,1,5,99405,0.0007438755918334523
1,"{'max_depth': 3, 'learning_rate': 0.08, 'n_estimators': 150, 'subsample': 0.9, 'colsample_bytree': 0.8, 'min_child_weight': 1, 'reg_lambda': 1.0, 'reg_alpha': 0.1}",0.8,0.06756756756756757,0.8333333333333334,0.125,0.05631635807290429,0.9163198598029065,69,1,5,99410,0.0006936137275203812
1,"{'max_depth': 3, 'learning_rate': 0.08, 'n_estimators': 150, 'subsample': 0.9, 'colsample_bytree': 0.8, 'min_child_weight': 1, 'reg_lambda': 1.0, 'reg_alpha': 0.1}",0.9,0.078125,0.8333333333333334,0.14285714285714285,0.06511421843326465,0.9163701216672195,59,1,5,99420,0.000593089998894239
2,"{'max_depth': 4, 'learning_rate': 0.05, 'n_estimators': 200, 'subsample': 0.9, 'colsample_bytree': 0.8, 'min_child_weight': 1, 'reg_lambda': 1.0, 'reg_alpha': 0.1}",0.01,0.0014405070584845865,0.8333333333333334,0.0028760425654299686,0.001210474315335135,0.8992459044957564,3466,1,5,96013,0.03484152434182089
2,"{'max_depth': 4, 'learning_rate': 0.05, 'n_estimators': 200, 'subsample': 0.9, 'colsample_bytree': 0.8, 'min_child_weight': 1, 'reg_lambda': 1.0, 'reg_alpha': 0.1}",0.02,0.00484027105517909,0.8333333333333334,0.009624639076034648,0.004043610979247221,0.911499747015283,1028,1,5,98451,0.010333839302767418
2,"{'max_depth': 4, 'learning_rate': 0.05, 'n_estimators': 200, 'subsample': 0.9, 'colsample_bytree': 0.8, 'min_child_weight': 1, 'reg_lambda': 1.0, 'reg_alpha': 0.1}",0.05,0.014749262536873156,0.8333333333333334,0.028985507246376812,0.012301103880658944,0.9149879203986102,334,1,5,99145,0.0033574925361131496
2,"{'max_depth': 4, 'learning_rate': 0.05, 'n_estimators': 200, 'subsample': 0.9, 'colsample_bytree': 0.8, 'min_child_weight': 1, 'reg_lambda': 1.0, 'reg_alpha': 0.1}",0.1,0.032467532467532464,0.8333333333333334,0.0625,0.027066328822875036,0.9159177648884019,149,1,5,99330,0.001497803556529519
2,"{'max_depth': 4, 'learning_rate': 0.05, 'n_estimators': 200, 'subsample': 0.9, 'colsample_bytree': 0.8, 'min_child_weight': 1, 'reg_lambda': 1.0, 'reg_alpha': 0.1}",0.15,0.043859649122807015,0.8333333333333334,0.08333333333333333,0.036559759368937156,0.9161188123456543,109,1,5,99370,0.00109570864202495
2,"{'max_depth': 4, 'learning_rate': 0.05, 'n_estimators': 200, 'subsample': 0.9, 'colsample_bytree': 0.8, 'min_child_weight': 1, 'reg_lambda': 1.0, 'reg_alpha': 0.1}",0.2,0.049019607843137254,0.8333333333333334,0.09259259259259259,0.040859724969212356,0.91617912658283,97,1,5,99382,0.0009750801676735794
2,"{'max_depth': 4, 'learning_rate': 0.05, 'n_estimators': 200, 'subsample': 0.9, 'colsample_bytree': 0.8, 'min_child_weight': 1, 'reg_lambda': 1.0, 'reg_alpha': 0.1}",0.25,0.05555555555555555,0.8333333333333334,0.10416666666666667,0.04630634806289427,0.9162394408200056,85,1,5,99394,0.0008544516933222087
2,"{'max_depth': 4, 'learning_rate': 0.05, 'n_estimators': 200, 'subsample': 0.9, 'colsample_bytree': 0.8, 'min_child_weight': 1, 'reg_lambda': 1.0, 'reg_alpha': 0.1}",0.3,0.05813953488372093,0.8333333333333334,0.10869565217391304,0.048459664169698755,0.9162595455657307,81,1,5,99398,0.0008142422018717518
2,"{'max_depth': 4, 'learning_rate': 0.05, 'n_estimators': 200, 'subsample': 0.9, 'colsample_bytree': 0.8, 'min_child_weight': 1, 'reg_lambda': 1.0, 'reg_alpha': 0.1}",0.4,0.06172839506172839,0.8333333333333334,0.11494252873563218,0.051450380984704974,0.9162846764978875,76,1,5,99403,0.0007639803375586807
2,"{'max_depth': 4, 'learning_rate': 0.05, 'n_estimators': 200, 'subsample': 0.9, 'colsample_bytree': 0.8, 'min_child_weight': 1, 'reg_lambda': 1.0, 'reg_alpha': 0.1}",0.5,0.0641025641025641,0.8333333333333334,0.11904761904761904,0.05342885518540139,0.9162997550571812,73,1,5,99406,0.0007338232189708381
2,"{'max_depth': 4, 'learning_rate': 0.05, 'n_estimators': 200, 'subsample': 0.9, 'colsample_bytree': 0.8, 'min_child_weight': 1, 'reg_lambda': 1.0, 'reg_alpha': 0.1}",0.6,0.06756756756756757,0.8333333333333334,0.125,0.05631635807290429,0.9163198598029065,69,1,5,99410,0.0006936137275203812
2,"{'max_depth': 4, 'learning_rate': 0.05, 'n_estimators': 200, 'subsample': 0.9, 'colsample_bytree': 0.8, 'min_child_weight': 1, 'reg_lambda': 1.0, 'reg_alpha': 0.1}",0.7,0.08196721311475409,0.8333333333333334,0.14925373134328357,0.06831606269555972,0.9163852002265135,56,1,5,99423,0.0005629328803063963
2,"{'max_depth': 4, 'learning_rate': 0.05, 'n_estimators': 200, 'subsample': 0.9, 'colsample_bytree': 0.8, 'min_child_weight': 1, 'reg_lambda': 1.0, 'reg_alpha': 0.1}",0.8,0.1111111111111111,0.8333333333333334,0.19607843137254902,0.09260264435919056,0.9164656192094144,40,1,5,99439,0.0004020949145045688
2,"{'max_depth': 4, 'learning_rate': 0.05, 'n_estimators': 200, 'subsample': 0.9, 'colsample_bytree': 0.8, 'min_child_weight': 1, 'reg_lambda': 1.0, 'reg_alpha': 0.1}",0.9,0.13513513513513514,0.8333333333333334,0.23255813953488372,0.1126226643792106,0.9165058287008648,32,1,5,99447,0.00032167593160365506
