step,type,amount,nameOrig,oldbalanceOrg,newbalanceOrig,nameDest,oldbalanceDest,newbalanceDest,isFraud,isFlaggedFraud,anomaly_score,prediction
12,CASH_OUT,222048.71,C265790428,0.0,0.0,C1700442291,2979.0,225027.71,1,0,-0.15071564537860271,0
12,CASH_OUT,149668.66,C227115333,0.0,0.0,C460735540,44170.11,193838.76,1,0,-0.15342595164121076,0
18,TRANSFER,307739.18,C1066119351,307739.18,0.0,C702410034,0.0,0.0,1,0,0.0996186941450089,0
6,TRANSFER,26768.5,C457596841,26768.5,0.0,C1956477953,0.0,0.0,1,0,0.06471832430686486,0
9,CASH_OUT,11308.0,C921533797,11308.0,0.0,C424669538,0.0,302550.56,1,0,-0.05726249570987274,0
19,TRANSFER,161939.36,C263177591,161939.36,0.0,C94435408,0.0,0.0,1,0,0.07904927921017779,0
15,CASH_OUT,95428.32,C947728507,0.0,0.0,C1720721903,0.0,95428.32,1,0,-0.11684913880394732,0
8,CASH_OUT,1996.17,C858959216,1996.17,0.0,C864078397,2559.74,4555.92,1,0,-0.0918971440303904,0
6,TRANSFER,216422.0,C666642000,216422.0,0.0,C1315078366,0.0,0.0,1,0,0.09735741891278671,0
13,TRANSFER,408.0,C2021466585,408.0,0.0,C1864486913,0.0,226013.18,1,0,0.034060607530658094,0
1,CASH_OUT,35063.63,C1635772897,35063.63,0.0,C1983025922,31140.0,7550.03,1,0,-0.06308554648254217,0
18,CASH_OUT,508782.2,C576782065,0.0,0.0,C2090737806,1082007.65,1590789.85,1,0,-0.12453638017750845,0
2,CASH_OUT,14949.84,C395257482,14949.84,0.0,C1032986144,18161.79,33111.63,1,0,-0.06273787757932603,0
6,CASH_OUT,17320.91,C436661284,17320.91,0.0,C522173599,6244.44,0.0,1,0,-0.03683171703922106,0
13,CASH_OUT,48375.02,C1894578299,48375.02,0.0,C590035788,374803.26,658520.33,1,0,-0.1281395721236132,0
11,CASH_OUT,2100.0,C169099320,2100.0,0.0,C697156329,112512.48,114612.48,1,0,-0.101690958764381,0
6,CASH_OUT,17246.0,C1484518113,17246.0,0.0,C978609035,0.0,17246.0,1,0,-0.044983827649253405,0
