Dimension,Isolation Forest,Autoencoder
Model family,Tree ensemble,Deep neural network
Learning mechanism,Isolation-based,Reconstruction-based
Anomaly score,Isolation score,Reconstruction error
Precision,0.1485148514851485,0.11224489795918367
Recall,0.3191489361702128,0.23404255319148937
F1-score,0.20270270270270271,0.15172413793103448
PR-AUC,0.19495717027967785,0.15605520940278814
ROC-AUC,0.8569451046247055,0.9063172457012243
False Positives,86,87
False Negatives,32,36
Training Time (sec),16.766858599999978,191.70064339999954
Inference Latency (ms/transaction),0.06251271000000998,
Throughput (transactions/sec),15996.746901547549,
